上品で清楚なきれいめ系ファッション,20代～アラサー向けのきれいめ系カジュアル・フェミニンが魅力,1,1,1,3,22,2,20000,1,1,4,1
春コーデ4点セット,さらっとしたタッチが涼しげなリネンライクマテリアル,1,1,1,3,22,2,25000,1,1,4,2,33,34,35
ジーンズシャツ,アメリカで買った新しめのものです。\n1枚着ても重ね着しても可愛いですよ！！,1,1,1,3,22,2,7000,1,1,4,3
パープルトップス,白のスカートに合わせやすい春らしいトップスです。ウエストも細く見えます,1,1,1,3,22,2,10000,1,1,4,4
オーバーサイズニット,軽く着こなしができる春らしいニットです,1,1,1,3,22,2,3000,1,2,4,5
ジャージ(スウェット),動きやすさ重視の一品,1,1,1,3,22,2,8000,1,2,4,6
ブラウンTシャツ,さっと羽織れば春気分,1,1,1,3,22,2,3500,1,2,4,7
マウンテンパーカー,登山に最適です,1,1,1,3,22,2,20000,1,2,4,8
本革 エナメルラウンドトゥフォーマルシューズ 14.5cm,息子が幼稚園の時に買ったものです。１回しか使っていないです,1,1,1,3,22,2,3000,1,3,4,9
ベビーハット(easseanモデル：ヨーロッパスタイル),紫外線から可愛い子どもを守ります。,1,1,1,3,22,2,2000,1,3,4,10
マタニティグッズ,小さい子でも安心して使うことのできるグッズです,1,1,1,3,22,2,500,1,3,4,11
袴風カバーオール,記念日に是非,1,1,1,3,22,2,1500,1,3,4,12
FEMMUE,韓国で大人気の商品です,1,1,1,3,22,2,3000,1,7,4,13
I'm MEME,韓国で大人気の商品です,1,1,1,3,22,2,5000,1,7,4,14
LAGOM,韓国で大人気の商品です,1,1,1,3,22,2,6000,1,7,4,15
SABA,韓国で大人気の商品です,1,1,1,3,22,2,4000,1,7,4,16
シャネルトートバッグレディース,２年前に購入したものです。大切に使っていただける方、どなたかお願いいたします。,1,1,1,3,22,2,12000,1,5,4,17,,,,4116
シャネルメガネ,おしゃれな日常を彩るメガネです,1,1,1,3,22,2,4000,1,5,4,18,,,,4116
シャネル時計オートマティックの機械式ムーブメント,シャネルの時計を初めて試してみたい方にとってはとても良いものだと思います。,1,1,1,3,22,2,300000,1,5,4,19,,,,4116
ブルートゥシャネル,早めに捨てたいのでお得価格にしています,1,1,1,3,22,2,1000,1,5,4,20,,,,4116
ルイヴィトンカードケース,少しリッチな気分を,1,1,1,3,22,2,4000,1,6,4,21,,,,4117
ルイヴィトン長ザイフ,友達にもらいましたが、いらなくなったので,1,1,1,3,22,2,10000,1,6,4,22,,,,4117
ルイヴィトン黄色バッグ,可愛い黄色のカバン。今度のデートにもぴったり,1,1,1,3,22,2,30000,1,6,4,23,,,,4117
ルイヴィトン時計,おしゃれな時計でテンションアップ。,1,1,1,3,22,2,1200000,1,6,4,24,,,,4117
シュプリーム黒Tシャツ,抽選で２つ当たったの出品いたします、,1,1,1,3,22,2,3000,1,8,4,25,,,,4118
シュプリームバックパック用,世界一周したのでいらなくなりました,1,1,1,3,22,2,5000,1,8,4,26,,,,4118
シュプリーム財布,３年前に主人からもらったものですが、新しいものを買ったので,1,1,1,3,22,2,6000,1,8,4,27,,,,4118
シュプリームキャップ,暑い季節にぴったりです。熱中症予防にどうぞ,1,1,1,3,22,2,2000,1,8,4,28,,,,4118
エアマックススニーカー,サイズを間違えて購入してしまったので、どなたかどうぞ,1,1,1,3,22,2,7000,1,8,4,29,,,,4118
ナイキリュック,ナイキのブランド力を存分に発揮する一品,1,1,1,3,22,2,6000,1,8,4,30,,,,4118
ナイキ黒のスニーカー,機能性に優れたスニーカーです。まだそんなに履いてないです,1,1,1,3,22,2,4000,1,8,4,31,,,,4118
ナイキトレーナー,可能性を秘めたトレーナー。まだまだ夢を追いかけることができると思います,1,1,1,3,22,2,3000,1,8,4,32,,,,4118
